{"groups":[{"name":"Root_lib","groupName":"Library","commands":["Logger"]}],"commands":[{"items":[{"commandName":"Log To File","commandDesc":"","visible":true,"function":"Logger.logToFile","translateType":32,"args":[{"name":"Logger.logToFile","propName":"Output to","desc":"Function name","dataType":"variable","defaultValue":"Logger.logToFile"},{"name":"sLogFolderPath","desc":"The folder path where the message needs to be logged.","propName":"sLogFolderPath","dataType":"variable","inputType":"text","defaultValue":"\"\""},{"name":"sProcessName","desc":"The process name from where the library has been invoked.","propName":"sProcessName","dataType":"variable","inputType":"text","defaultValue":"\"\""},{"name":"sBlockName","desc":"The block name where the command is being used.","propName":"sBlockName","dataType":"variable","inputType":"text","defaultValue":"\"\""},{"name":"sLogLevel","desc":"The level of logging to be used. Examples : INFO, ERROR, WARN, CRITICAL, TRACE, DEBYG, EXCEPTION.","propName":"sLogLevel","dataType":"variable","inputType":"text","defaultValue":"\"INFO\""},{"name":"sLogMessage","desc":"The message to be logged.","propName":"sLogMessage","dataType":"variable","inputType":"text","defaultValue":"\"\""}],"srcCode":"#Logger.logToFile(#sLogFolderPath, #sProcessName, #sBlockName, #sLogLevel, #sLogMessage)"}],"name":"Logger","nameSpace":"Logger","className":"Logger","creatorType":0,"version":"1.0.2","isLib":1,"author":"","createTime":1622000219227}]}